,id,Name,unitprice,PriceRange,category,is_valid
0,174,bamboo basket,6.0,Low,Electronics,True
1,451,triangle necklace 14k yellow gold,499.99,Low,Jewelry,True
2,135,quần short kaki ống rộng b&y,2.5,Low,Others,True
3,343,diamond wedding band 1/15 ct tw round-cut 10k white gold,279.99,Low,Jewelry,True
4,642,women's cole haan grandpro tennis sneaker,130.0,Low,Apparel,True
5,200,promise ring 1/10 ct tw diamonds sterling silver/10k gold,179.0,Low,Jewelry,True
6,140,thời bao cấp homestay phòng đơn,6.86,Low,Others,True
7,205,diamond promise ring 1/10 ct tw round-cut sterling silver,179.0,Low,Jewelry,True
8,310,le vian diamond ring 3/8 ct tw 14k honey gold,1299.99,High,Jewelry,True
9,637,iphone 11 64gb,365.0,Low,Others,True
10,60,hộp ống hút tre - hộp 5 ống,2.0,Low,Others,True
11,218,heart promise ring 1/5 ct tw diamonds sterling silver,299.0,Low,Jewelry,True
12,283,diamond flower ring 1/20 carat round-cut sterling silver,149.0,Low,Jewelry,True
13,505,cultured pearl necklace sapphires/diamonds 10k white gold,399.99,Low,Jewelry,True
14,180,beverage steeve bag,1.0,Low,Others,True
15,277,diamond heart/infinity ring 1/6 ctw 10k two-tone gold,399.0,Low,Jewelry,True
16,613,le vian garnet earrings 1/5 ct tw diamonds 14k strawberry gold,839.99,Medium,Jewelry,True
17,647,diamond promise ring 1/5 carat tw 10k white gold,599.0,Medium,Jewelry,True
18,651,1/10 carat t.w. diamond promise ring,116.32,Low,Jewelry,True
19,630,"laptop acer aspire 3 a315-56-38b1 i3 1005g1/4gb/256gb/15.6""fhd/win11",875.0,Medium,Electronics,True
20,126,aó thun b&y,3.0,Low,Others,True
21,394,"godiva x le vian diamond heart necklace 3/8 ct tw 14k honey gold 19""",1599.99,High,Jewelry,True
22,167,tank top 01,15.0,Low,Others,True
23,411,"diamond heart necklace 1/10 ct tw round-cut 10k yellow gold 18""",299.99,Low,Jewelry,True
24,691,escape room,4.0,Low,Others,True
25,325,men's onyx & diamond ring 1/10 ct tw 10k yellow gold,899.99,Medium,Jewelry,True
26,501,amethyst heart necklace with diamond accent sterling silver,149.99,Low,Jewelry,True
27,133,hạt giống sen nhật,1.3,Low,Others,True
28,206,three-stone promise ring 1/6 ct tw diamonds 10k white gold,429.0,Low,Jewelry,True
29,271,diamond ring 1/15 ct tw round-cut 10k rose gold,469.0,Low,Jewelry,True
30,490,"cultured pearl & white topaz raindrop necklace sterling silver 18""",129.99,Low,Jewelry,True
31,26,"nike sb zoom stefan janoski ""medium mint""",30.0,Low,Others,True
32,317,le vian natural ruby ring 14k strawberry gold,749.0,Medium,Jewelry,True
33,500,"amethyst & white topaz necklace sterling silver 18""",179.99,Low,Jewelry,True
34,178,bamboo toothbrush,1.0,Low,Electronics,True
35,444,deer necklace 1/10 ct tw diamonds sterling silver/10k gold,249.0,Low,Jewelry,True
36,511,"disney treasures winnie the pooh ""eeyore"" diamond necklace 1/15 ct tw sterling silver & 10k rose gold 17""",349.99,Low,Jewelry,True
37,646,uniqlo u airism cotton crew neck oversized t-shirt,19.0,Low,Apparel,True
38,678,the weekend away,3.0,Low,Others,True
39,192,diamond promise ring 1/5 ct tw round-cut sterling silver,150.0,Low,Jewelry,True
40,374,"lab-created opal & white lab-created sapphire 'mom' heart necklace sterling silver 18""",79.99,Low,Jewelry,True
41,437,diamond cross necklace 1/15 ct tw round-cut 10k yellow gold,299.99,Low,Jewelry,True
42,66,ống hút kim loại,0.0,Low,Others,True
43,579,geometric hoop earrings 14k yellow gold,349.99,Low,Jewelry,True
44,627,laptop asus vivobook x415ea-eb935w i3 1115g4/8gb/256gb ssd/win11,698.0,Medium,Electronics,True
45,220,diamond promise ring 1/10 ct tw round-cut sterling silver,179.0,Low,Jewelry,True
46,238,black/white diamond promise ring 1/6 ct tw sterling silver,179.0,Low,Jewelry,True
47,252,diamond promise ring 1/6 ct tw round-cut 10k two-tone gold,499.99,Low,Jewelry,True
48,516,"forever connected diamond heart necklace 1/4 ct tw pear & round-cut 10k white gold 18""",699.99,Medium,Jewelry,True
49,121,ống hút inox,3.0,Low,Others,True
50,661,le vian morganite ring 1 ct tw diamonds 14k strawberry gold,1749.99,High,Jewelry,True
51,138,combo hoa ban,24.0,Low,Others,True
52,386,diamond heart necklace 1/5 ct tw round-cut 10k two-tone gold,849.0,Medium,Jewelry,True
53,11,windows 8 pro,65.0,Low,Others,True
54,248,diamond promise ring 1/5 ct tw round/baguette 10k white gold,549.0,Medium,Jewelry,True
55,442,"children's minnie mouse pink cubic zirconia necklace 14k yellow gold 13""",199.99,Low,Jewelry,True
56,98,đĩa lá lớn tre cuốn,6.0,Low,Others,True
57,99,túi xách tay,13.0,Low,Others,True
58,142,legume homestay phòng bungalow 4 người,25.75,Low,Others,True
59,145,áo ikon,8.0,Low,Others,True
60,191,vải thiều thanh hà,10.99,Low,Others,True
61,469,diamond cross necklace 10k yellow gold,339.0,Low,Jewelry,True
62,586,hoop earrings 14k yellow gold 30mm,299.99,Low,Jewelry,True
63,682,the croods: a new age,4.2,Low,Others,True
64,59,hành trình về phương đông,2.0,Low,Others,True
65,74,ly giấy dùng một lần edo th7526,15.0,Low,Others,True
66,323,le vian aquamarine ring 1/6 ct tw diamonds 14k vanilla gold,1999.99,High,Jewelry,True
67,448,"beaded cable chain necklace 14k yellow gold 16"" length",399.99,Low,Jewelry,True
68,481,amethyst heart necklace tanzanites & diamonds 10k white gold,599.99,Medium,Jewelry,True
69,512,"diamond solitaire necklace 1/4 ct tw round-cut 10k white gold 18""",629.0,Medium,Jewelry,True
70,169,short jeans 01,18.0,Low,Apparel,True
71,273,diamond north south ring 1/2 ct tw round-cut 10k white gold,1099.0,Medium,Jewelry,True
72,472,"opal & diamond necklace 1/20 ct tw 10k yellow gold 18""",699.99,Medium,Jewelry,True
73,21,beats pill 2.0 wireless speaker,79.99,Low,Others,True
74,28,oversized women t-shirt,24.0,Low,Apparel,True
75,373,heart necklace 1/15 ct tw diamonds sterling silver/10k gold,259.0,Low,Jewelry,True
76,510,"disney treasures winnie the pooh diamond necklace 1/6 ct tw 10k two-tone gold 17""",419.99,Low,Jewelry,True
77,666,"diamond necklace 1/15 ct tw sterling silver/10k rose gold 18""",199.99,Low,Jewelry,True
78,184,paper coffee cup,0.5,Low,Others,True
79,202,diamond promise ring 1/5 ct tw round/baguette 10k rose gold,599.99,Medium,Jewelry,True
80,388,"garnet mom heart necklace sterling silver 18""",179.99,Low,Jewelry,True
81,502,love necklace lab-created ruby sterling silver,99.99,Low,Jewelry,True
82,24,nike floral roshe customized running shoes,40.0,Low,Apparel,True
83,227,diamond promise ring 1/6 ct tw round-cut 10k rose gold,429.0,Low,Jewelry,True
84,299,diamond ring 1/10 ct tw round-cut 10k white gold,299.0,Low,Jewelry,True
85,514,turtle necklace 1/10 ct tw diamonds 10k white gold,299.0,Low,Jewelry,True
86,336,garnet ring diamond accents 10k yellow gold,299.99,Low,Jewelry,True
87,438,"rope necklace 10k yellow gold 20"" length",259.0,Low,Jewelry,True
88,605,encircled by love diamond earrings 1/4 ct tw round-cut 10k rose gold,499.99,Low,Jewelry,True
89,376,"cultured pearl & white lab-created sapphire heart necklace sterling silver 18""",99.99,Low,Jewelry,True
90,475,diamond cross necklace 1/4 ct tw round-cut 10k yellow gold,619.0,Medium,Jewelry,True
91,533,"disney treasures the lion king diamond necklace 1/10 ct tw sterling silver & 10k yellow gold 17""",329.99,Low,Jewelry,True
92,603,le vian multi-gemstone earrings 1/10 ct tw diamonds 14k honey gold,1139.99,Medium,Jewelry,True
93,420,1/8 ct. tw diamond nameplate heart necklace,125.0,Low,Jewelry,True
94,617,le vian diamond earrings 3/8 ct tw 14k honey gold,1299.99,High,Jewelry,True
95,680,레드슈즈,4.0,Low,Others,True
96,406,blue/white diamond necklace 1/6 ct tw sterling silver,259.0,Low,Jewelry,True
97,596,brazilian garnet earrings 1/10 ct tw diamonds 10k yellow gold,599.99,Medium,Jewelry,True
98,38,first prize pies,51.0,Low,Others,True
99,196,black/white diamonds 1/5 ct tw promise ring sterling silver,279.0,Low,Jewelry,True
100,256,infinity symbol ring 1/6 ct tw diamonds sterling silver,299.0,Low,Jewelry,True
101,353,stackable heart ring diamond accents sterling silver,74.99,Low,Jewelry,True
102,580,oval diamond cut hoop earrings 14k yellow gold,249.99,Low,Jewelry,True
103,658,lab-created emerald ring diamond accents 10k yellow gold,299.99,Low,Jewelry,True
104,268,diamond heart ring 1/2 ct tw round-cut 10k white gold,999.99,Medium,Jewelry,True
105,594,drop earrings 14k yellow gold,179.99,Low,Jewelry,True
106,390,mom heart necklace 14k yellow gold 16 to 18 adjustable,549.99,Medium,Jewelry,True
107,402,footprints heart locket sterling silver,69.99,Low,Jewelry,True
108,492,"opal necklace diamond accent 10k rose gold 18""",599.99,Medium,Jewelry,True
109,513,angel wing necklace 1/10 ct tw diamond sterling silver/10k gold,189.0,Low,Jewelry,True
110,672,spirited away,12.0,Low,Others,True
111,240,hallmark diamonds promise ring 1/4 ct tw sterling silver,449.99,Low,Jewelry,True
112,425,"forever connected diamond necklace 1/3 ct tw round/princess 10k yellow gold 18""",799.99,Medium,Jewelry,True
113,671,howl’s moving castle,10.0,Low,Others,True
114,61,sống thực tế giữa đời thực dụng,3.0,Low,Others,True
115,137,tre homestay phòng riêng,17.17,Low,Others,True
116,307,everything you are diamond ring 1/2 ct tw 10k yellow gold,1339.99,High,Jewelry,True
117,397,hallmark diamonds necklace 1/10 ct tw sterling silver/10k gold,249.99,Low,Jewelry,True
118,29,custom t-shirt,15.0,Low,Apparel,True
119,57,ống hút giấy,2.0,Low,Others,True
120,214,diamond promise ring 1/6 ct tw black/white sterling silver,159.0,Low,Jewelry,True
121,560,diamond hoop earrings 1/2 ct tw round-cut 10k white gold,1199.99,Medium,Jewelry,True
122,687,bird box,1.0,Low,Others,True
123,12,sound forge pro 11 (recurring),54.99,Low,Jewelry,True
124,123,giấy nảy mầm,3.0,Low,Others,True
125,195,diamond heart promise ring 1/20 ct tw round sterling silver,119.0,Low,Jewelry,True
126,300,diamond teardrop ring 1/15 ct tw round-cut 10k white gold,499.0,Low,Jewelry,True
127,393,unstoppable love necklace lab-created sapphire sterling silver,149.99,Low,Jewelry,True
128,607,diamond solitaire earrings 1/4 ct tw sterling silver,379.0,Low,Jewelry,True
129,65,tony buổi sáng - trên đường băng,2.0,Low,Others,True
130,201,diamond promise ring 1/6 ct tw round-cut 10k white gold,649.0,Medium,Jewelry,True
131,234,3-stone promise ring 1/6 ct tw diamonds sterling silver,279.0,Low,Jewelry,True
132,239,diamond promise ring 1/15 carat round-cut sterling silver,139.0,Low,Jewelry,True
133,264,mom ring 1/5 ct tw diamonds sterling silver,299.0,Low,Jewelry,True
134,345,crown ring lab-created white sapphires sterling silver,99.99,Low,Jewelry,True
135,566,continuous hoop earrings 14k yellow gold 30mm,199.99,Low,Jewelry,True
136,269,bone infinity ring 1/20 ct tw blue diamonds sterling silver,79.99,Low,Jewelry,True
137,462,lab-created opal necklace 1/20 ct tw diamonds 10k yellow gold,499.99,Low,Jewelry,True
138,677,the bombardment,2.0,Low,Others,True
139,216,diamond promise ring 1/5 ct tw round-cut sterling silver,289.0,Low,Jewelry,True
140,432,"paperclip necklace 10k yellow gold 18""",799.99,Medium,Jewelry,True
141,546,"unstoppable love necklace 1/2 ct tw 10k white gold 19""",1199.99,Medium,Jewelry,True
142,82,giày sneaker unisex sk8 hi vans - black,20.0,Low,Apparel,True
143,108,giày sneaker adidas superstar nam nữ rubber da trơn white/trắng,25.0,Low,Apparel,True
144,158,hộp bã mía,5.0,Low,Others,True
145,287,heart ring 1/20 cttw diamonds sterling silver/10k two-tone gold,229.0,Low,Jewelry,True
146,413,hallmark diamonds heart necklace diamond accents sterling silver,129.99,Low,Jewelry,True
147,660,lab-created emerald ring with diamonds 10k yellow gold,279.99,Low,Jewelry,True
148,366,hallmark diamonds heart necklace 1/15 ct tw sterling silver,179.99,Low,Jewelry,True
149,199,diamond promise ring 1/6 ct tw round-cut 10k white gold,399.99,Low,Jewelry,True
150,564,italian oval glitter hoop earrings 14k yellow gold,299.99,Low,Jewelry,True
151,588,children's hoop earrings 14k two-tone gold,54.99,Low,Jewelry,True
152,631,laptop lenovo ideapad slim 3 15alc6 r3 5300u/8gb/512gb/15.6''fhd/win 11,968.0,Medium,Electronics,True
153,379,"heart paw print necklace 14k yellow gold 16""-18"" adjustable",599.99,Medium,Jewelry,True
154,541,"disney treasures mickey mouse lab-created opal & diamond necklace sterling silver 17""",0.0,Low,Jewelry,True
155,244,diamond promise ring 1/6 ct tw round-cut sterling silver,229.0,Low,Jewelry,True
156,365,hallmark diamonds heart necklace 1/2 ct tw sterling silver 18,799.99,Medium,Jewelry,True
157,535,"disney treasures mickey & minnie mouse garnet & diamond necklace 1/8 ct tw sterling silver 17""",249.99,Low,Jewelry,True
158,569,diamond heart hoop earrings 1/4 ct tw round-cut sterling silver,249.99,Low,Jewelry,True
159,622,"laptop dell inspiron n3505 r3 3250u/8gb/256gb/15.6""fhd/win 10/nk",900.0,Medium,Electronics,True
160,157,quai vải,2.0,Low,Others,True
161,251,diamond promise ring 1/8 ct tw round-cut sterling silver,249.0,Low,Jewelry,True
162,531,"disney treasures the nightmare before christmas diamond necklace 1/5 ct tw sterling silver & 10k rose gold 17""",0.0,Low,Jewelry,True
163,676,miracle: letters to the president,5.0,Low,Others,True
164,398,heart necklace with diamonds sterling silver/10k rose gold,99.99,Low,Jewelry,True
165,424,color stone nameplate mrs. necklace,185.0,Low,Jewelry,True
166,482,dog necklace lab-created sapphire sterling silver/10k rose gold,99.99,Low,Jewelry,True
167,681,minions,4.0,Low,Others,True
168,368,"diamond heart necklace 1/10 ct tw round-cut sterling silver 18""",80.0,Low,Jewelry,True
169,160,túi giấy,3.0,Low,Others,True
170,291,diamond message ring 1/8 ct tw sterling silver/10k rose gold,279.0,Low,Jewelry,True
171,328,natural sapphire ring 1/8 ct tw diamonds 10k white gold,899.99,Medium,Jewelry,True
172,330,disney treasures the nightmare before christmas black onyx & diamond ring 1/5 ct tw sterling silver,329.99,Low,Jewelry,True
173,474,le vian emerald necklace 3/8 ct tw diamonds 14k honey gold,1749.99,High,Jewelry,True
174,78,nhóm test,2.0,Low,Others,True
175,427,"encircled by love diamond necklace 1/3 ct tw round-cut 10k yellow gold 18""",999.99,Medium,Jewelry,True
176,561,everything you are diamond hoop earrings 3/4 ct tw 10k white gold,1299.99,High,Jewelry,True
177,127,bàn chải tre,2.0,Low,Others,True
178,209,diamond promise ring 1/5 ct tw round-cut sterling silver,289.0,Low,Jewelry,True
179,235,diamond heart promise ring 1/10 cttw round-cut sterling silver/10k gold,229.0,Low,Jewelry,True
180,463,le vian cultured pearl necklace 1/4 ct tw diamonds 14k gold,1499.99,High,Jewelry,True
181,67,bàn chải tre,1.5,Low,Others,True
182,80,giày converse sunflower thấp cổ sf,11.0,Low,Others,True
183,132,chân váy b&y,7.0,Low,Others,True
184,230,diamond promise ring 1/4 ct tw pear/round 10k yellow gold,699.99,Medium,Jewelry,True
185,245,diamond promise ring 1/6 ct tw round-cut 10k yellow gold,429.0,Low,Jewelry,True
186,257,hallmark diamonds lab-created blue sapphire promise ring 1/10 ct tw sterling silver & 10k rose gold,299.99,Low,Jewelry,True
187,468,"""love"" necklace 14k yellow gold 16"" to 18"" adjustable",399.99,Low,Jewelry,True
188,88,xiaomi redmi note 6 pro 64gb,245.0,Low,Others,True
189,281,blue & white diamond ring 1/4 ct tw round-cut sterling silver,259.0,Low,Jewelry,True
190,371,"lab-created emerald & white lab-created sapphire heart necklace sterling silver 18""",99.99,Low,Jewelry,True
191,457,"diamond fashion necklace 1/3 ct tw round-cut 10k yellow gold 18""",549.99,Medium,Jewelry,True
192,589,amethyst dainty hoop earrings sterling silver,99.99,Low,Jewelry,True
193,50,a7,3.0,Low,Others,True
194,203,promise ring 1/10 ct diamond 10k white gold,499.0,Low,Jewelry,True
195,243,diamond promise ring 1/8 ct tw round-cut sterling silver,179.0,Low,Jewelry,True
196,400,heart necklace diamond accents 10k rose gold,179.0,Low,Jewelry,True
197,456,"children's cross necklace 14k yellow gold 15""",149.99,Low,Jewelry,True
198,459,lab-created emerald necklace 1/6 ct tw diamonds 10k yellow gold,599.99,Medium,Jewelry,True
199,530,"forever connected diamond necklace 1/2 ct tw round-cut 10k white gold 18""",1199.99,Medium,Jewelry,True
200,574,hoop earrings 14k yellow gold 18mm,79.99,Low,Jewelry,True
201,668,le vian blue topaz necklace 1/3 ct tw diamonds 14k gold,899.99,Medium,Jewelry,True
202,4,apple macbook pro 13-inch,1800.0,High,Others,True
203,276,le vian chocolate diamond ring 3/8 ct tw 14k gold,1299.99,High,Jewelry,True
204,419,nameplate heart necklace,200.0,Low,Jewelry,True
205,476,leo zodiac necklace 1/10 ct tw diamonds 10k yellow gold,329.0,Low,Jewelry,True
206,573,hoop earrings 14k yellow gold,149.99,Low,Jewelry,True
207,583,hoop earrings 14k yellow gold,46.99,Low,Jewelry,True
208,683,mission: impossible - fallout,2.0,Low,Others,True
209,58,giấy nảy mầm,2.0,Low,Others,True
210,253,diamond promise ring 1/6 ct tw blue/white 10k rose gold,419.0,Low,Jewelry,True
211,494,"lab-created emerald & white lab-created sapphire heart necklace sterling silver 18""",99.99,Low,Jewelry,True
212,112,new banlance 580,20.0,Low,Others,True
213,224,diamond ring 1/5 ct tw sterling silver/10k rose gold,499.99,Low,Jewelry,True
214,403,amethyst heart necklace with diamond accent sterling silver,149.99,Low,Jewelry,True
215,483,"godiva x le vian ruby heart necklace 3/8 ct tw diamonds 14k strawberry gold 19""",1999.99,High,Jewelry,True
216,162,bơ sáp đà lạt,4.27,Low,Others,True
217,401,"lab-created ruby & white lab-created sapphire heart necklace sterling silver 18""",179.99,Low,Jewelry,True
218,77,túi vải gấp gọn thông minh bảo vệ môi trường,1.7,Low,Others,True
219,79,giày sneaker unisex converse chuck taylor all star 1970s black/w 2018,18.0,Low,Apparel,True
220,275,diamond heart ring 1/20 ct tw sterling silver,99.99,Low,Jewelry,True
221,592,men's diamond ankh earrings 1/4 ct tw round-cut 10k yellow gold,599.99,Medium,Jewelry,True
222,632,"laptop lenovo ideapad slim 3 15itl6 i3 1115g4/8gb/512gb/15.6""fhd/win 11",987.0,Medium,Electronics,True
223,81,giày sneaker unisex converse chuck taylor all star 1970s white/w 2018 sf,15.0,Low,Apparel,True
224,186,grass straw,1.0,Low,Others,True
225,274,diamond ring 1/4 ct tw round-cut 10k white gold,499.99,Low,Jewelry,True
226,290,le vian nude and chocolate diamond ring 1/4 ct tw 14k honey gold,799.99,Medium,Jewelry,True
227,359,sapphire ring 1/10 ct tw diamonds 10k white gold,699.99,Medium,Jewelry,True
228,377,"diamond xo necklace 1/10 ct tw sterling silver 18""",199.99,Low,Jewelry,True
229,487,"amethyst & white lab-created sapphire 'mom' heart necklace sterling silver 18""",79.99,Low,Jewelry,True
230,657,amethyst & white topaz ring 10k rose gold,699.99,Medium,Jewelry,True
231,207,stackable diamond ring 1/8 ct tw diamonds sterling silver,179.0,Low,Jewelry,True
232,333,blue sapphire & diamond dainty flower ring round-cut 10k yellow gold,499.99,Low,Jewelry,True
233,460,pisces zodiac necklace 1/10 ct tw diamonds 10k yellow gold,329.0,Low,Jewelry,True
234,478,"disney treasures mickey & minnie mouse garnet & diamond necklace 1/8 ct tw sterling silver 17""",249.99,Low,Jewelry,True
235,120,quai vải,2.0,Low,Others,True
236,197,diamond promise ring 1/15 ct tw round-cut sterling silver,129.0,Low,Jewelry,True
237,259,hallmark diamonds swiss blue topaz promise ring 1/10 ct tw sterling silver & 10k rose gold,299.99,Low,Jewelry,True
238,381,"lab-created emerald & white lab-created sapphire 'mom' heart necklace sterling silver 18""",79.99,Low,Jewelry,True
239,445,"hollow figaro chain 14k yellow gold 24""",419.99,Low,Jewelry,True
240,663,diamond eternity ring 1 ct tw round-cut 14k yellow gold,1599.2,High,Jewelry,True
241,63,bông tắm sơ mướp,1.5,Low,Others,True
242,104,thú bông baby kookie jungkook doll bts bản mini,15.0,Low,Others,True
243,544,"unstoppable love necklace 1/10 ct tw sterling silver 19""",199.99,Low,Jewelry,True
244,625,"laptop dell inspiron n3502 pentium n5030/4gb/128gb/15.6""hd/intel hd/win 10/nk",780.0,Medium,Electronics,True
245,1,build your own computer,1200.0,High,Others,True
246,471,diamond star necklace 1/4 ct tw round-cut 10k yellow gold,419.99,Low,Jewelry,True
247,261,mother & child ring 1/20 cttw diamonds sterling silver/10k gold,159.0,Low,Jewelry,True
248,320,le vian opal ring 1/5 ct tw diamonds 14k strawberry gold,1699.99,High,Jewelry,True
249,433,"cuban chain necklace 10k yellow gold 24""",1199.99,Medium,Jewelry,True
250,450,paw print necklace 1/10 ct tw diamonds sterling silver/10k gold,209.0,Low,Jewelry,True
251,96,móc khóa bts phát sáng bts mẫu b,2.0,Low,Others,True
252,358,stackable ring sterling silver,28.99,Low,Jewelry,True
253,378,angel locket necklace black diamond accents sterling silver,84.99,Low,Jewelry,True
254,449,"disney treasures winnie the pooh diamond necklace 1/20 ct tw sterling silver & 10k yellow gold 17""",349.99,Low,Jewelry,True
255,608,butterfly earrings 14k yellow gold,192.99,Low,Jewelry,True
256,139,thời bao cấp homestay phòng dorm,3.43,Low,Others,True
257,247,diamond promise ring 1/10 ct tw round-cut sterling silver,179.0,Low,Jewelry,True
258,331,ethiopian opal & diamond ring 1/10 ct tw 10k rose gold,699.99,Medium,Jewelry,True
259,485,le vian quartz boxed set 14k strawberry gold-electroplate,199.0,Low,Jewelry,True
260,503,"lab-created opal & white lab-created sapphire 'mom' heart necklace sterling silver 18""",79.99,Low,Jewelry,True
261,539,"disney treasures alice in wonderland ""cheshire cat"" diamond & amethyst necklace 1/10 ct tw sterling silver/10k rose gold",399.99,Low,Jewelry,True
262,52,blackpink 2nd mini album [kill this love],30.0,Low,Others,True
263,215,diamond promise ring 1/5 ct tw round-cut sterling silver,289.0,Low,Jewelry,True
264,334,le vian opal ring 1/5 ct tw diamonds 14k strawberry gold,1699.99,High,Jewelry,True
265,361,neil lane diamond wedding band 1/4 ct tw 14k white gold,719.99,Medium,Jewelry,True
266,407,"diamond heart necklace 1 ct tw 10k white gold 18""",1499.99,High,Jewelry,True
267,496,heart necklace lab-created sapphire sterling silver/10k gold,129.99,Low,Jewelry,True
268,559,twist hoop earrings 14k yellow gold,329.99,Low,Jewelry,True
269,685,the notebook,1.0,Low,Others,True
270,163,bưởi năm roi vĩnh long,0.89,Low,Others,True
271,198,diamond promise ring 1/4 ct tw round-cut sterling silver,399.0,Low,Jewelry,True
272,44,$50 physical gift card,50.0,Low,Others,True
273,103,quần jean baggy nữ b & y,7.0,Low,Others,True
274,189,mận hậu - sơn la,9.2,Low,Others,True
275,598,lab-created opal lab-created sapphires sterling silver earrings,129.99,Low,Jewelry,True
276,645,men dry-ex crew neck short sleeve t-shirt (cotton like),58.0,Low,Apparel,True
277,90,xiaomi mi 8,560.0,Medium,Others,True
278,237,diamond promise ring 1/4 ct tw round-cut sterling silver,399.99,Low,Jewelry,True
279,311,le vian diamond ring 7/8 ct tw round-cut 14k honey gold,1999.99,High,Jewelry,True
280,6,samsung series 9 np900x4c premium ultrabook,1590.0,High,Others,True
281,20,nokia lumia 1020,349.0,Low,Others,True
282,23,portable sound speakers,37.0,Low,Electronics,True
283,340,lab-created ruby & white lab-created sapphire ring sterling silver,699.99,Medium,Jewelry,True
284,611,le vian opal earrings 1/5 ct tw diamonds 14k strawberry gold,839.99,Medium,Jewelry,True
285,623,laptop acer aspire a315 57g 31yd i3 1005g1/4gb/256gb ssd/nvidia mx330 2gb/win10,856.0,Medium,Electronics,True
286,690,ponyo,3.0,Low,Others,True
287,258,diamond promise ring 1/10 ct tw baguette & round-cut 10k yellow gold,299.99,Low,Jewelry,True
288,204,promise ring 1/6 ct tw diamonds sterling silver/10k gold,269.0,Low,Jewelry,True
289,346,stackable ring sterling silver,21.99,Low,Jewelry,True
290,547,unstoppable love heart necklace sterling silver,79.99,Low,Jewelry,True
291,570,diamond hoop earrings sterling silver,69.99,Low,Jewelry,True
292,674,don't look up,15.0,Low,Others,True
293,17,apple icam,1300.0,High,Others,True
294,134,hạt giống sen nhật,1.3,Low,Others,True
295,236,black & white diamond promise ring 1/6 ct tw sterling silver,219.0,Low,Jewelry,True
296,13,nikon d5500 dslr,670.0,Medium,Others,True
297,506,peacock necklace blue & white topaz sterling silver,129.99,Low,Jewelry,True
298,552,previously owned necklace 3/4 ct tw diamonds 14k white gold,659.7,Medium,Jewelry,True
299,175,iphone xs max 64gb,1070.0,Medium,Others,True
300,652,1/20 carat t.w. black and white diamond promise ring,122.0,Low,Jewelry,True
301,188,chuối ngự - nam định,1.2,Low,Others,True
302,270,diamond leaf ring 1/10 ct tw round-cut 10k rose gold,399.0,Low,Jewelry,True
303,332,lab-created pink opal heart ring sterling silver,99.99,Low,Jewelry,True
304,470,diamond necklace 3/4 ct tw 10k yellow gold/stainless steel,599.6,Medium,Jewelry,True
305,575,hoop earrings 14k yellow gold 20mm,199.99,Low,Jewelry,True
306,168,denim jeans,20.8,Low,Apparel,True
307,521,"forever connected diamond necklace 1/4 ct tw pear/round-cut 10k white gold 18""",699.99,Medium,Jewelry,True
308,567,hoop earrings lab-created sapphires sterling silver,129.99,Low,Jewelry,True
309,241,diamond promise ring 1/4 ct tw round-cut 10k white gold,497.4,Low,Jewelry,True
310,349,anniversary band 1/4 ct tw diamonds 10k white gold,399.2,Low,Jewelry,True
311,387,diamond heart necklace 1/15 ct tw round-cut 10k rose gold,199.99,Low,Jewelry,True
312,664,diamond heart necklace 10k rose gold,299.99,Low,Jewelry,True
313,69,bình giữ nhiệt kim loại,20.0,Low,Others,True
314,280,leo zodiac ring 1/10 ct tw diamonds sterling silver,149.99,Low,Jewelry,True
315,599,amethyst & white lab-created sapphire drop earrings 10k rose gold,499.99,Low,Jewelry,True
316,629,laptop acer aspire 3 a315-58-35ag i3 1115g4/4gb/256gb ssd/15.6''fhd/win11,756.0,Medium,Electronics,True
317,633,"laptop hp 240 g8 pentium n5030/4gb/256gb/14.0""hd/win 10",987.0,Medium,Electronics,True
318,662,blue topaz ring 1/15 ct tw diamonds 10k white gold,349.99,Low,Jewelry,True
319,686,about time,2.0,Low,Others,True
320,545,"unstoppable love necklace 1/2 ct tw 10k white gold 19""",1199.99,Medium,Jewelry,True
321,115,skerchers,17.0,Low,Others,True
322,351,diamond anniversary ring 1/10 ct tw round-cut 10k white gold,239.2,Low,Jewelry,True
323,416,silver color stone family dog tag necklace,137.0,Low,Jewelry,True
324,296,le vian chocolate diamond ring 1/5 ct tw 14k strawberry gold,699.0,Medium,Jewelry,True
325,14,nikon d5500 dslr - black,670.0,Medium,Others,True
326,210,black/white diamond promise ring 1/10 ct tw sterling silver,149.0,Low,Jewelry,True
327,255,diamond promise ring 1/4 ct tw round-cut 10k rose gold,699.99,Medium,Jewelry,True
328,488,"lab-created ruby & white lab-created sapphire heart necklace sterling silver 18""",179.99,Low,Jewelry,True
329,83,xiaomi redmi go,77.0,Low,Others,True
330,111,puma,20.0,Low,Others,True
331,363,stackable ring lab-created pink sapphire sterling silver,149.99,Low,Jewelry,True
332,452,starfish necklace diamond accents 10k yellow gold,249.0,Low,Jewelry,True
333,665,"lab-created ruby & lab-created white sapphire heart necklace sterling silver 18""",129.99,Low,Jewelry,True
334,114,nike air force 1 low,20.0,Low,Apparel,True
335,466,key necklace 14k yellow gold,199.99,Low,Jewelry,True
336,49,giày sneaker unisex sk8 hi vans - navy,20.0,Low,Apparel,True
337,409,"hallmark diamonds mom necklace 1/20 ct tw 10k rose gold sterling silver 18""",89.99,Low,Jewelry,True
338,147,gối ôm vuông bts gvkc060,8.0,Low,Others,True
339,159,giấy nảy mầm,3.0,Low,Others,True
340,304,diamond fashion ring 1/3 carat tw 10k white gold,829.0,Medium,Jewelry,True
341,565,diamond hoop earrings 1/10 ct tw round-cut sterling silver,199.99,Low,Jewelry,True
342,522,"forever connected diamond necklace 1/3 ct tw pear/round-cut 10k yellow gold 18""",799.99,Medium,Jewelry,True
343,650,hallmark diamonds ring 1/5 ct tw sterling silver & 10k rose gold,449.99,Low,Jewelry,True
344,347,diamond wedding band 1/6 carat tw 10k rose gold,359.99,Low,Jewelry,True
345,7,hp spectre xt pro ultrabook,1350.0,High,Others,True
346,182,samsung galaxy a70,385.0,Low,Others,True
347,675,red notice,6.0,Low,Others,True
348,34,night visions,2.8,Low,Others,True
349,95,bình đựng nước,6.0,Low,Others,True
350,146,gối rj gối ôm bts,7.0,Low,Others,True
351,314,le vian amethyst & iolite ring 5/8 ct tw diamonds 14k gold,599.99,Medium,Jewelry,True
352,473,le vian natural emerald necklace 1/5 ct tw diamonds 14k gold,1299.99,High,Jewelry,True
353,489,amethyst & white lab-created sapphire boxed set sterling silver,179.99,Low,Jewelry,True
354,130,đầm suông b&y,12.0,Low,Others,True
355,595,opal & diamond earrings 1/20 ct tw 10k yellow gold,599.99,Medium,Jewelry,True
356,37,fahrenheit 451 by ray bradbury,27.0,Low,Others,True
357,228,diamond promise ring 1/8 ct tw round-cut 10k rose gold,359.0,Low,Jewelry,True
358,372,heart necklace 1/20 ct tw diamonds 10k white gold,279.0,Low,Jewelry,True
359,367,"everything you are diamond heart necklace 1/2 ct tw 10k white gold 18""",799.99,Medium,Jewelry,True
360,384,diamond heart necklace 3/4 carat tw 14k white gold,1999.0,High,Jewelry,True
361,31,obey propaganda hat,30.0,Low,Others,True
362,302,diamond ring 1/2 ct tw round-cut 10k white gold,999.0,Medium,Jewelry,True
363,404,diamond heart necklace sterling silver,149.99,Low,Jewelry,True
364,493,lab-created opal and white topaz necklace sterling silver,249.99,Low,Jewelry,True
365,176,set inox straw,1.0,Low,Others,True
366,194,promise ring diamond accent sterling silver,99.0,Low,Jewelry,True
367,18,htc one m8 android l 5.0 lollipop,245.0,Low,Others,True
368,64,ống hút cỏ bàng khô - hộp 500 ống,20.0,Low,Others,True
369,375,diamond heart boxed set 1/2 ct tw sterling silver,399.99,Low,Jewelry,True
370,399,"disney treasures the nightmare before christmas diamond necklace 1/5 ct tw sterling silver 17""",299.99,Low,Jewelry,True
371,477,diamond necklace 1/3 ct tw round-cut 14k yellow gold,699.0,Medium,Jewelry,True
372,542,"disney treasures toy story ""jessie"" diamond necklace 1/15 ct tw sterling silver & 10k rose gold 17""",499.99,Low,Jewelry,True
373,553,unstoppable love 1/20 ct tw necklace sterling silver flamingo,149.0,Low,Jewelry,True
374,181,oppo f11,300.0,Low,Others,True
375,342,diamond anniversary band 1/20 ct tw round-cut 10k white gold,159.99,Low,Jewelry,True
376,92,combo hoa ban,24.0,Low,Others,True
377,641,vans ultrarange exo lace up sneaker,91.0,Low,Apparel,True
378,45,$100 physical gift card,100.0,Low,Others,True
379,315,le vian amethyst ring 14k vanilla gold,699.99,Medium,Jewelry,True
380,144,peaceminusone cap gdragon - pea001,6.0,Low,Others,True
381,166,dâu tây đà lạt,5.56,Low,Others,True
382,232,diamond promise ring 1/5 ct tw round-cut sterling silver,299.99,Low,Jewelry,True
383,391,heart station necklace 14k yellow gold,449.99,Low,Jewelry,True
384,422,color stone mrs. necklace,346.0,Low,Jewelry,True
385,73,ống hút kim loại bằng thép không gỉ,2.0,Low,Others,True
386,119,quần jeans nữ b&y,9.0,Low,Apparel,True
387,125,aó sơ mi form rộng dáng dài b&y,8.0,Low,Others,True
388,491,blue topaz necklace 1/10 ct tw diamonds sterling silver,299.99,Low,Jewelry,True
389,643,men's brooks addiction walker 2 walking sneaker,129.0,Low,Apparel,True
390,673,escape from mogadishu,8.0,Low,Others,True
391,124,túi giấy,3.0,Low,Others,True
392,360,wedding band 14k yellow gold,480.0,Low,Jewelry,True
393,585,children's small hoop earrings 14k yellow gold,79.99,Low,Jewelry,True
394,75,xà phòng handmade coco-secret coffee 110gram,1.5,Low,Others,True
395,100,túi cói,6.0,Low,Others,True
396,110,vans,25.0,Low,Apparel,True
397,122,hộp bã mía,5.0,Low,Others,True
398,131,lebleu homestay dành cho 2 người,17.17,Low,Others,True
399,285,"disney treasures ""bambi"" diamond ring 1/10 ct tw sterling silver & 10k rose gold",299.99,Low,Jewelry,True
400,242,diamond heart promise ring 1/6 ct tw round-cut 10k yellow gold,399.99,Low,Jewelry,True
401,313,le vian chocolate quartz ring 1/4 ct tw diamonds 14k gold,1339.99,High,Jewelry,True
402,16,leica t mirrorless digital camera,530.0,Medium,Others,True
403,173,basic jogger in black,20.0,Low,Others,True
404,85,xiaomi mi a2 lite,189.0,Low,Others,True
405,225,diamond promise ring 1/10 ct tw round-cut 10k white gold,329.0,Low,Jewelry,True
406,689,edge of tomorrow,1.0,Low,Others,True
407,97,túi mây hình thang,24.0,Low,Others,True
408,113,jordan retro,17.0,Low,Others,True
409,582,stamped textured fashion hoop earrings 14k yellow gold,149.99,Low,Jewelry,True
410,221,diamond promise ring 1/8 ct tw round-cut sterling silver,249.0,Low,Jewelry,True
411,294,le vian chocolate diamond paw print ring 5/8 ct tw 14k gold,1699.99,High,Jewelry,True
412,354,stackable ring fleur-de-lis sterling silver,42.0,Low,Jewelry,True
413,56,nhà giả kim,2.1,Low,Others,True
414,222,black/white diamond promise ring 1/5 ct tw sterling silver,239.0,Low,Jewelry,True
415,282,le vian chocolate & nude diamond ring 1 ct tw 14k gold,1519.96,High,Jewelry,True
416,434,"rope necklace 10k yellow gold 24"" length",269.0,Low,Jewelry,True
417,581,children's butterfly hoop earrings 14k yellow gold,79.99,Low,Jewelry,True
418,223,diamond promise ring 1/6 ct tw round-cut sterling silver,299.99,Low,Jewelry,True
419,525,"forever connected diamond necklace 1/2 ct tw round/princess 10k white gold 18""",1299.99,High,Jewelry,True
420,152,bàn chải tre,2.0,Low,Others,True
421,385,le vian chocolate diamonds 1/8 ct tw necklace 14k honey gold,1049.0,Medium,Jewelry,True
422,479,"cultured pearl & white lab-created sapphire vine necklace sterling silver 18""",249.99,Low,Jewelry,True
423,517,"forever connected diamond necklace 1/4 ct tw round/pear 10k white gold 18""",699.99,Medium,Jewelry,True
424,593,layered three-circle drop earrings 10k yellow gold,299.99,Low,Jewelry,True
425,634,iphone 13 pro max 128gb,1020.0,Medium,Others,True
426,640,samsung galaxy z fold3 5g 256gb,368.0,Low,Others,True
427,266,diamond ring 1/10 ct tw round-cut sterling silver,199.99,Low,Jewelry,True
428,498,citrine & diamond necklace sterling silver,179.99,Low,Jewelry,True
429,341,blue topaz ring 1/6 ct tw diamonds 10k white gold,699.99,Medium,Jewelry,True
430,410,unstoppable love heart necklace sterling silver,79.99,Low,Jewelry,True
431,480,amethyst heart necklace diamond accents sterling silver,129.99,Low,Jewelry,True
432,55,tuổi 20 tôi đã sống như một bông hoa dại,2.0,Low,Others,True
433,335,natural ruby ring 1/15 ct tw diamonds 10k yellow gold,699.99,Medium,Jewelry,True
434,430,"hallmark diamonds cross necklace 1/8 ct tw 10k yellow gold 18""",599.99,Medium,Jewelry,True
435,618,le vian amethyst & iolite earrings 1/5 ct tw diamonds 14k strawbery gold,779.99,Medium,Jewelry,True
436,8,hp envy 6-1180ca 15.6-inch sleekbook,1460.0,High,Others,True
437,91,giày sneaker unisex sk8 hi vans - true white,20.0,Low,Apparel,True
438,208,blue & white diamonds 1/8 ct tw round-cut sterling silver promise ring,199.0,Low,Jewelry,True
439,309,diamond ring 1/10 ct tw round-cut 10k rose gold,239.99,Low,Jewelry,True
440,577,woven heart hoop earrings 14k yellow gold,199.99,Low,Jewelry,True
441,129,le bleu homestay dành cho 4 người,30.04,Low,Others,True
442,421,1/6 ct. tw diamond initials couple's heart necklace,394.0,Low,Jewelry,True
443,464,bar necklace 14k yellow gold,499.99,Low,Jewelry,True
444,495,"children's minnie mouse pink cubic zirconia necklace 14k yellow gold 13""",199.99,Low,Jewelry,True
445,667,whale necklace 10k yellow gold,229.0,Low,Jewelry,True
446,43,$25 virtual gift card,25.0,Low,Others,True
447,136,hạt giống kiwi,0.0,Low,Others,True
448,53,[10th] bigbang light stick head,18.0,Low,Others,True
449,231,black/white diamond promise ring 1/8 ct tw sterling silver,189.0,Low,Jewelry,True
450,267,diamond ring 1/6 ct tw 10k white gold,279.99,Low,Jewelry,True
451,190,nhãn lồng hưng yên,11.99,Low,Others,True
452,15,nikon d5500 dslr - red,630.0,Medium,Others,True
453,107,converse đen cổ thấp,22.0,Low,Others,True
454,562,twist hoop earrings 14k yellow gold 20mm,249.99,Low,Jewelry,True
455,688,snowpiercer,2.0,Low,Others,True
456,156,túi xách tay,13.0,Low,Others,True
457,619,le vian chocolate diamonds 1/4 ct tw earrings 14k honey gold,1049.0,Medium,Jewelry,True
458,620,laptop lenovo ideapad slim 3 15alc6 r3 5300u/8gb/512gb/15.6''fhd/win 11,1000.0,Medium,Electronics,True
459,212,diamond promise ring 1/6 ct tw round-cut 10k white gold,399.99,Low,Jewelry,True
460,213,diamond promise ring 1/4 ct tw round/baguette 10k white gold,529.0,Medium,Jewelry,True
461,344,stackable diamond ring 1/8 ct tw diamonds sterling silver,179.0,Low,Jewelry,True
462,591,men's diamond angular huggie hoop earrings 3/4 ct tw round-cut 10k yellow gold,1399.99,High,Jewelry,True
463,654,le vian tanzanite ring 1/2 ct tw diamonds 14k strawberry gold,1499.99,High,Jewelry,True
464,10,adobe photoshop cs4,75.0,Low,Others,True
465,86,xiaomi redmi note 6 pro 32gb,215.0,Low,Others,True
466,486,"aquamarine & white lab-created sapphire necklace sterling silver 18""",69.99,Low,Jewelry,True
467,653,le vian tanzanite ring 3/8 ct tw diamonds 14k vanilla gold,1749.99,High,Jewelry,True
468,40,elegant gemstone necklace (rental),30.0,Low,Jewelry,True
469,164,chôm chôm tiền giang,0.99,Low,Others,True
470,22,universal 7-8 inch tablet cover,39.0,Low,Others,True
471,154,dép cói,5.0,Low,Others,True
472,161,basic tee 1,14.0,Low,Electronics,True
473,165,chuối ngự - nam định,1.25,Low,Others,True
474,536,"disney treasures winnie the pooh mother of pearl & diamond heart necklace 1/8 ct tw sterling silver & 10k two-tone gold 17""",449.99,Low,Jewelry,True
475,576,etched hoop earrings 14k yellow gold 35mm,349.99,Low,Jewelry,True
476,606,disney treasures the aristocats diamond earrings 1/10 ct tw sterling silver & 10k rose gold,249.99,Low,Jewelry,True
477,523,"forever connected diamond necklace 1/4 ct tw round-cut 10k white gold 18""",699.99,Medium,Jewelry,True
478,624,laptop acer aspire 3 a315-58-35ag i3 1115g4/4gb/256gb ssd/15.6''fhd/win11,750.0,Medium,Electronics,True
479,33,ray ban aviator sunglasses,25.0,Low,Others,True
480,101,quần baggy jean nữ,0.0,Low,Others,True
481,395,"diamond heart necklace 1/4 ct tw round-cut 10k yellow gold 18""",499.99,Low,Jewelry,True
482,412,heart necklace diamond accents 10k yellow gold,179.0,Low,Jewelry,True
483,151,ống hút tre,0.0,Low,Others,True
484,297,diamond ring 1/8 ct tw princess/round 10k white gold,649.0,Medium,Jewelry,True
485,2,digital storm vanquish 3 custom performance pc,1259.0,High,Others,True
486,72,túi rác sinh học,3.0,Low,Others,True
487,321,le vian quartz & diamond ring 1/3 ct tw 14k vanilla gold,1399.99,High,Jewelry,True
488,609,children's stud earrings boxed set 14k yellow gold,149.99,Low,Jewelry,True
489,32,reversible horseferry check belt,45.0,Low,Others,True
490,284,diamond woven ring 1/8 ct tw round-cut sterling silver,199.0,Low,Jewelry,True
491,587,stamped textured heart hoop earrings 14k yellow gold,99.99,Low,Jewelry,True
492,669,"everything you are diamond necklace 3/4 ct tw 10k white gold 18""",1999.99,High,Jewelry,True
493,9,lenovo thinkpad x1 carbon laptop,1360.0,High,Electronics,True
494,141,legume homestay phòng bungalow 2 người,17.17,Low,Others,True
495,171,bamboo straw,0.1,Low,Electronics,True
496,211,diamond promise ring 1/20 ct tw round-cut sterling silver,149.99,Low,Jewelry,True
497,246,hallmark diamonds amethyst promise ring 1/10 ct tw sterling silver & 10k rose gold,299.99,Low,Jewelry,True
498,515,"forever connected diamond necklace 1/5 ct tw round/pear sterling silver 18""",399.99,Low,Jewelry,True
499,558,open tube twist hoop earrings 10k yellow gold,249.99,Low,Jewelry,True
500,118,converse đỏ cổ cao,20.0,Low,Others,True
501,326,white lab-created sapphire ring pear/round-cut sterling silver,699.99,Medium,Jewelry,True
502,635,xiaomi redmi note 11s 6gb - 128gb,698.0,Medium,Others,True
503,47,cửa hàng thời trang,5.0,Low,Others,True
504,143,gậy cổ vũ unoff lightstick seventeen,21.0,Low,Others,True
505,153,bộ thìa đũa dĩa làm từ lúa mạch,5.0,Low,Others,True
506,254,diamond promise ring 1/6 ct tw round-cut 10k yellow gold,529.0,Medium,Jewelry,True
507,415,color stone family moon and stars necklace,125.0,Low,Jewelry,True
508,428,"men's cuban curb chain necklace 6 ct tw diamonds 10k yellow gold 22""",1699.99,High,Jewelry,True
509,338,8mm natural sapphire wedding band white tungsten carbide,349.99,Low,Jewelry,True
510,356,stackable ring lab-created sapphire sterling silver,79.99,Low,Jewelry,True
511,584,children's hoop earrings 14k yellow gold,34.99,Low,Jewelry,True
512,355,stackable butterfly ring lab-created sapphire sterling silver,79.99,Low,Jewelry,True
513,447,diamond star necklace 1/2 ct tw round-cut 10k yellow gold 20,779.99,Medium,Jewelry,True
514,520,"forever connected diamond necklace 1/3 ct tw round/princess 10k yellow gold 18""",799.99,Medium,Jewelry,True
515,534,"disney treasures winnie the pooh ""tigger"" diamond necklace 1/10 ct tw sterling silver & 10k yellow gold 17""",449.99,Low,Jewelry,True
516,538,"star wars grogu necklace 1/10 ct tw diamonds sterling silver 18""",299.99,Low,Jewelry,True
517,548,unstoppable love necklace lab-created sapphires sterling silver,99.99,Low,Jewelry,True
518,628,laptop asus vivobook a415ea-eb1750w i3 1125g4/8gb/256gb ssd/win11,897.0,Medium,Electronics,True
519,54,bạn đắt giá bao nhiêu?,3.0,Low,Others,True
520,278,everything you are diamond ring 1/2 ct tw 14k white gold,1699.99,High,Jewelry,True
521,418,nameplate butterfly necklace,495.0,Low,Jewelry,True
522,590,hoop earrings 14k yellow gold 25mm,499.99,Low,Jewelry,True
523,648,diamond promise ring 1/10 ct tw baguette & round-cut 10k white gold,299.99,Low,Jewelry,True
524,233,diamond promise ring 1/10 ct tw round-cut 10k white gold,359.0,Low,Jewelry,True
525,431,"disney treasures winnie the pooh diamond necklace 1/6 ct tw 10k two-tone gold 17""",419.99,Low,Jewelry,True
526,497,amethyst necklace sterling silver,179.99,Low,Jewelry,True
527,504,lab-created opal circle necklace sterling silver,179.99,Low,Jewelry,True
528,84,xiaomi redmi 7 16gb,129.0,Low,Others,True
529,382,"lab-created emerald mom necklace sterling silver 18""",149.99,Low,Jewelry,True
530,429,"lab-created diamonds by kay cross necklace 1/2 ct tw round-cut 14k yellow gold 18""",799.99,Medium,Jewelry,True
531,70,vải sáp ong,5.0,Low,Others,True
532,89,xiaomi mi 8 lite 6gb/128gb,289.0,Low,Others,True
533,93,dép cói,5.0,Low,Others,True
534,170,short jeans 02,18.0,Low,Apparel,True
535,250,diamond promise ring 1/6 ct tw round-cut 10k rose gold,499.99,Low,Jewelry,True
536,389,"natural ruby necklace 1/5 ct tw diamonds 10k rose gold 17""",899.99,Medium,Jewelry,True
537,537,"disney treasures the aristocats diamond necklace 1/10 ct tw sterling silver & 10k rose gold 17""",249.99,Low,Jewelry,True
538,369,diamond heart necklace 1/6 ct tw black/white sterling silver,159.0,Low,Jewelry,True
539,532,"disney treasures 101 dalmatians black & white diamond necklace 1/10 ct tw sterling silver & 10k rose gold 17""",68.99,Low,Jewelry,True
540,193,diamond promise ring 1/15 ct tw sterling silver,149.99,Low,Jewelry,True
541,362,diamond anniversary band 1/4 cttw round/baguette 14k gold,599.2,Medium,Jewelry,True
542,446,lab-created emerald necklace with diamonds 10k yellow gold,399.99,Low,Jewelry,True
543,540,"disney treasures the aristocats diamond necklace 1/10 ct tw sterling silver & 10k rose gold 18""",349.99,Low,Jewelry,True
544,187,cam canh hà nội,2.5,Low,Others,True
545,30,levi's 511 jeans,43.5,Low,Apparel,True
546,94,strap dây điện thoại blackpink,1.0,Low,Others,True
547,286,diamond ring 3/4 ct tw round-cut 10k white gold,1379.0,High,Jewelry,True
548,71,hộp bã mía,1.0,Low,Others,True
549,405,"circle of gratitude diamond heart necklace 1/10 ct tw round-cut 10k rose gold 19""",599.99,Medium,Jewelry,True
550,499,le vian morganite necklace 1/10 ct tw diamonds 14k strawberry gold,1299.99,High,Jewelry,True
551,550,unstoppable love 1/6 ct tw necklace sterling silver angel,319.0,Low,Jewelry,True
552,656,emerald & 1/10 ct tw diamond ring 10k white gold,999.99,Medium,Jewelry,True
553,370,black diamond necklace 1/15 carat tw 10k rose gold,229.0,Low,Jewelry,True
554,380,"lab-created ruby mom heart necklace sterling silver 18""",149.99,Low,Jewelry,True
555,426,"forever connected diamond necklace 1/3 ct tw pear/round-cut 10k yellow gold 18""",799.99,Medium,Jewelry,True
556,441,"16"" adjustable rope chain 14k yellow gold appx. 1.2mm",249.99,Low,Jewelry,True
557,644,women's brooks adrenaline gts 21 running shoe,129.0,Low,Others,True
558,638,oppo reno6 z 5g,254.0,Low,Others,True
559,329,aquamarine & diamond ring 10k white gold,349.99,Low,Jewelry,True
560,417,color stone couple's necklace,463.0,Low,Jewelry,True
561,509,"encircled by love diamond necklace 1/3 ct tw round-cut 10k yellow gold 18""",999.99,Medium,Jewelry,True
562,655,le vian grape amethyst ring 1/8 ct tw diamonds 14k strawberry gold,1189.99,Medium,Jewelry,True
563,102,quần baggy jean nữ,0.0,Low,Others,True
564,249,promise ring 1/5 ct tw diamonds sterling silver/10k rose gold,479.0,Low,Jewelry,True
565,467,"heart paw print necklace 14k yellow gold 16""-18"" adjustable",599.99,Medium,Jewelry,True
566,27,nike tailwind loose short-sleeve running shirt,15.0,Low,Others,True
567,41,flower girl bracelet,360.0,Low,Others,True
568,116,converse classic xám,20.0,Low,Others,True
569,305,diamond leaf/vine ring 1/6 ct tw round-cut 10k yellow gold,429.0,Low,Jewelry,True
570,350,diamond wedding band 1/20 ct tw 10k white gold,224.0,Low,Jewelry,True
571,527,"forever connected diamond necklace 1/4 ct tw princess/round-cut 10k white gold 18""",699.99,Medium,Jewelry,True
572,87,xiaomi redmi note 7 64gb,215.0,Low,Others,True
573,461,shipwheel & compass layered necklace 14k yellow gold,699.99,Medium,Jewelry,True
574,529,"forever connected diamond necklace 1/2 ct tw round/pear 10k white gold 18""",1299.99,High,Jewelry,True
575,105,balo bts thông minh màu xanh,10.0,Low,Others,True
576,155,túi mây hình thang,24.0,Low,Others,True
577,364,neil lane ruby anniversary band 1/6 ct tw diamonds 14k gold,1079.99,Medium,Jewelry,True
578,659,amethyst & diamond twist ring 1/10 ct tw 10k rose gold,599.99,Medium,Jewelry,True
579,179,samsung galaxy note 8,429.0,Low,Others,True
580,219,diamond promise ring 1/6 ct tw round-cut sterling silver,249.99,Low,Jewelry,True
581,306,diamond heart ring 1/15 ct tw round-cut sterling silver,179.99,Low,Jewelry,True
582,312,le vian aquamarine ring 1/6 ct tw diamonds 14k vanilla gold,1999.99,High,Jewelry,True
583,357,stackable ring sterling silver,42.99,Low,Jewelry,True
584,440,cross necklace 1/10 ct tw diamonds sterling silver/10k gold,219.0,Low,Jewelry,True
585,551,unstoppable love necklace amethyst sterling silver,149.99,Low,Jewelry,True
586,556,forever connected diamond hoop earrings 3/8 ct tw princess/round 10k yellow gold,999.99,Medium,Jewelry,True
587,19,htc one mini blue,100.0,Low,Others,True
588,68,giới hạn của bạn chỉ là xuất phát điểm của tôi,2.5,Low,Others,True
589,610,the leo diamond earrings 1/2 ct tw round-cut 14k white gold,1499.99,High,Jewelry,True
590,626,"laptop hp 14s-cf2527tu i3-10110u/4gb/256gb/14.0""hd/win 11",650.0,Medium,Electronics,True
591,298,heart ring 1/5 ct tw diamonds 10k two-tone gold,479.0,Low,Jewelry,True
592,408,heart necklace diamond accents sterling silver,59.99,Low,Jewelry,True
593,5,asus n551jk-xo076h laptop,1500.0,High,Electronics,True
594,148,balo thời trang troy - bigbang,10.0,Low,Others,True
595,563,diamond hoop earrings 1/2 ct tw round-cut 10k white gold,599.99,Medium,Jewelry,True
596,684,"the gangster, the cop, the devil",1.0,Low,Others,True
597,35,if you wait (donation),0.0,Low,Others,True
598,39,pride and prejudice,24.0,Low,Others,True
599,76,ống hút giấy - copy,2.0,Low,Others,True
600,670,the pirates: the last royal treasure,50.0,Low,Others,True
601,272,diamond ring 1/4 ct tw princess/round sterling silver,289.0,Low,Jewelry,True
602,455,"cultured pearl necklace 1/15 ct tw diamonds 14k yellow gold 17""",599.99,Medium,Jewelry,True
603,117,nike air max,18.0,Low,Others,True
604,578,men's diamond huggie earrings 1/3 ct tw round/baguette 10k yellow gold,699.99,Medium,Jewelry,True
605,636,samsung galaxy s22 ultra 5g 128gb,536.0,Medium,Others,True
606,25,adidas consortium campus 80s running shoes,27.56,Low,Apparel,True
607,396,"forever connected diamond heart necklace 1/4 ct tw pear & round-cut 10k white gold 18""",699.99,Medium,Jewelry,True
608,602,lab-created ruby earrings sterling silver 10k yellow gold,129.99,Low,Jewelry,True
609,615,le vian emerald earrings 1/4 ct tw diamonds 14k honey gold,1019.99,Medium,Jewelry,True
610,568,diamond hoop earrings 1 ct tw round-cut sterling silver,199.99,Low,Jewelry,True
611,172,dip dye sweater,17.0,Low,Others,True
612,601,flower earrings 14k yellow gold,303.99,Low,Jewelry,True
613,604,encircled by love diamond stud earrings 1/5 ct tw round-cut 10k yellow gold,499.99,Low,Jewelry,True
614,36,science & faith,0.0,Low,Others,True
615,109,converse vàng bạch kim,19.0,Low,Others,True
616,392,"godiva x le vian ruby heart necklace 3/8 ct tw diamonds 14k strawberry gold 19""",1999.99,High,Jewelry,True
617,443,"box chain 14k yellow gold 20"" length",1299.99,High,Jewelry,True
618,46,samsung a7,3.0,Low,Others,True
619,106,converse đen cổ thấp,22.0,Low,Others,True
620,518,"forever connected diamond necklace 1/2 ct tw round/pear 10k white gold 18""",1299.99,High,Jewelry,True
621,597,lab-created ruby earrings lab-created sapphires sterling silver,89.99,Low,Jewelry,True
622,226,diamond promise ring 1/2 ct tw round-cut 10k white gold,1099.0,Medium,Jewelry,True
623,507,"forever connected diamond necklace 1/3 ct tw round/princess 10k yellow gold 18""",799.99,Medium,Jewelry,True
624,554,unstoppable love 1/20 ct tw necklace sterling silver dog,0.0,Low,Jewelry,True
625,3,lenovo ideacentre 600 all-in-one pc,500.0,Medium,Others,True
626,62,ống hút gạo ochao 500 gram,3.0,Low,Others,True
627,229,diamond promise ring 1/8 ct tw round-cut sterling silver,229.0,Low,Jewelry,True
628,639,tecno spark 7 2gb-32gb,354.0,Low,Others,True
629,679,surviving paradise: a family tale,4.5,Low,Others,True
630,48,lightstick blackpink,20.0,Low,Others,True
631,149,ống hút inox,1.0,Low,Others,True
632,383,"blue & white lab-created sapphire 'i love you mom' necklace sterling silver 18""",99.99,Low,Jewelry,True
633,414,"children's disney princess crown necklace 14k yellow gold 13""",199.99,Low,Jewelry,True
634,571,children's cubic zirconia huggie earrings 14k yellow gold,129.99,Low,Jewelry,True
635,649,diamond oval promise ring 1/4 ct tw round-cut sterling silver,349.99,Low,Jewelry,True
636,183,huawei p30 lite,278.0,Low,Others,True
637,352,black silicone women's wedding band,23.99,Low,Others,True
638,423,color stone nameplate mrs. necklace,348.0,Low,Jewelry,True
639,465,citrine necklace 1/15 ct tw diamonds 10k yellow gold,299.99,Low,Jewelry,True
640,572,child's hoop earrings 14k yellow gold,39.99,Low,Jewelry,True
641,128,lebleu homestay dành cho 4 người,30.04,Low,Others,True
642,177,canvas bag,2.0,Low,Others,True
643,217,diamond promise ring 1/8 ct tw round-cut sterling silver ring,229.0,Low,Jewelry,True
644,555,"unstoppable love ruby necklace 1/10 ct tw diamonds sterling silver 19""",199.99,Low,Jewelry,True
645,614,le vian denim ombre hoop earrings 14k vanilla gold,1609.99,High,Jewelry,True
646,484,unstoppable love necklace lab-created sapphire sterling silver,149.99,Low,Jewelry,True
647,543,unstoppable love necklace lab-created sapphire sterling silver,149.99,Low,Jewelry,True
648,453,"le vian diamond heart necklace 1/4 ct tw 14k honey gold 18""",1099.99,Medium,Jewelry,True
649,51,tên sản phầm,0.0,Low,Others,True
650,150,cốc xếp lúa mạch thân thiện môi trường,3.0,Low,Others,True
651,185,circle straw bag,2.0,Low,Others,True
652,279,diamond ring 3/4 ct tw 10k white gold,899.99,Medium,Jewelry,True
653,621,"laptop dell inspiron 15 n3511 i3 1115g4/4gb/256gb/15.6""fhd/win 11+office hs 21",1200.0,High,Electronics,True
